{
  "properties": {
    "connectionReferences": {},
    "definition": {
      "$schema": "https://schema.management.azure.com/providers/Microsoft.Logic/schemas/2016-06-01/workflowdefinition.json#",
      "contentVersion": "1.0.0.0",
      "parameters": {
        "$authentication": {
          "defaultValue": {},
          "type": "SecureObject"
        }
      },
      "triggers": {
        "manual": {
          "metadata": {
            "operationMetadataId": "fe5a4a20-4b20-4e1a-96bf-c29af2350871"
          },
          "type": "Request",
          "kind": "Button",
          "inputs": {
            "schema": {
              "type": "object",
              "properties": {
                "text_1": {
                  "title": "WebPartData",
                  "type": "string",
                  "x-ms-dynamically-added": true,
                  "description": "Please enter your input",
                  "x-ms-content-hint": "TEXT"
                },
                "text": {
                  "description": "Please enter your input",
                  "title": "NewsCategory",
                  "type": "string",
                  "x-ms-content-hint": "TEXT",
                  "x-ms-dynamically-added": true,
                  "enum": [
                    "Commissioner Corner",
                    "Employee Spotlight",
                    "General News"
                  ]
                }
              },
              "required": [
                "text_1",
                "text"
              ]
            }
          }
        }
      },
      "actions": {
        "UpdateWebPartData": {
          "runAfter": {
            "WebPartData": [
              "Succeeded"
            ]
          },
          "metadata": {
            "operationMetadataId": "2e0c51e8-6612-4e48-b1b1-bc4bea355460"
          },
          "type": "Compose",
          "inputs": {
            "webPartId": "9a219286-dbec-43eb-96f1-ac25b5fbfb21",
            "rteInstanceId": null,
            "addedFromPersistedData": "@body('WebPartData')?['addedFromPersistedData']",
            "reservedHeight": "@body('WebPartData')?['reservedHeight']",
            "reservedWidth": "@body('WebPartData')?['reservedWidth']",
            "controlType": "@body('WebPartData')?['controlType']",
            "id": "@{body('WebPartData')?['id']}",
            "position": {
              "controlIndex": "@body('WebPartData')?['position']?['controlIndex']",
              "zoneIndex": "@body('WebPartData')?['position']?['zoneIndex']",
              "sectionIndex": "@body('WebPartData')?['position']?['sectionIndex']",
              "sectionFactor": "@body('WebPartData')?['position']?['sectionFactor']",
              "layoutIndex": "@body('WebPartData')?['position']?['layoutIndex']"
            },
            "zoneGroupMetadata": null,
            "webPartData": {
              "id": "9a219286-dbec-43eb-96f1-ac25b5fbfb21",
              "instanceId": "@{body('WebPartData')?['webPartData']?['instanceId']}",
              "title": "@{body('WebPartData')?['webPartData']?['title']}",
              "description": "@{body('WebPartData')?['webPartData']?['description']}",
              "audiences": "@body('WebPartData')?['webPartData']?['audiences']",
              "serverProcessedContent": {
                "htmlStrings": "@body('WebPartData')?['webPartData']?['serverProcessedContent']?['htmlStrings']",
                "searchablePlainTexts": "@body('WebPartData')?['webPartData']?['serverProcessedContent']?['searchablePlainTexts']",
                "imageSources": "@body('WebPartData')?['webPartData']?['serverProcessedContent']?['imageSources']",
                "links": "@body('WebPartData')?['webPartData']?['serverProcessedContent']?['links']"
              },
              "dataVersion": "1.0",
              "properties": {
                "height": "@body('WebPartData')?['webPartData']?['properties']?['height']",
                "slideBody": "@{body('WebPartData')?['webPartData']?['properties']?['slideBody']}",
                "isFullWidth": "@body('WebPartData')?['webPartData']?['properties']?['isFullWidth']",
                "headerText": "@{body('WebPartData')?['webPartData']?['properties']?['headerText']}",
                "slidesPerView": "@body('WebPartData')?['webPartData']?['properties']?['slidesPerView']",
                "slideData": "@body('SlideDataJson')"
              },
              "containsDynamicDataSource": "@body('WebPartData')?['webPartData']?['containsDynamicDataSource']"
            }
          }
        },
        "WebPartData": {
          "runAfter": {
            "SlideDataJson": [
              "Succeeded"
            ]
          },
          "metadata": {
            "operationMetadataId": "4cf654c6-c6d8-4e32-865f-d856a2b7b404"
          },
          "type": "ParseJson",
          "inputs": {
            "content": "@triggerBody()['text_1']",
            "schema": {
              "type": "object",
              "properties": {
                "position": {
                  "type": "object",
                  "properties": {
                    "zoneIndex": {
                      "type": "integer"
                    },
                    "sectionIndex": {
                      "type": "integer"
                    },
                    "controlIndex": {
                      "type": "integer"
                    },
                    "sectionFactor": {
                      "type": "integer"
                    },
                    "layoutIndex": {
                      "type": "integer"
                    }
                  }
                },
                "controlType": {
                  "type": "integer"
                },
                "id": {
                  "type": "string"
                },
                "webPartId": {
                  "type": "string"
                },
                "reservedHeight": {
                  "type": "integer"
                },
                "reservedWidth": {
                  "type": "integer"
                },
                "addedFromPersistedData": {
                  "type": "boolean"
                },
                "WebPartData": {
                  "type": "object",
                  "properties": {
                    "id": {
                      "type": "string"
                    },
                    "instanceId": {
                      "type": "string"
                    },
                    "title": {
                      "type": "string"
                    },
                    "description": {
                      "type": "string"
                    },
                    "audiences": {
                      "type": "array"
                    },
                    "serverProcessedContent": {
                      "type": "object",
                      "properties": {
                        "htmlStrings": {
                          "type": "object",
                          "properties": {}
                        },
                        "searchablePlainTexts": {
                          "type": "object",
                          "properties": {}
                        },
                        "imageSources": {
                          "type": "object",
                          "properties": {}
                        },
                        "links": {
                          "type": "object",
                          "properties": {}
                        }
                      }
                    },
                    "dataVersion": {
                      "type": "string"
                    },
                    "properties": {
                      "type": "object",
                      "properties": {
                        "height": {
                          "type": "integer"
                        },
                        "slideBody": {
                          "type": "string"
                        },
                        "isFullWidth": {
                          "type": "boolean"
                        },
                        "headerText": {
                          "type": "string"
                        },
                        "slidesPerView": {
                          "type": "integer"
                        },
                        "SlideData": {
                          "type": "array",
                          "items": {
                            "type": "object",
                            "properties": {
                              "uniqueId": {
                                "type": "string"
                              },
                              "Title": {
                                "type": "string"
                              },
                              "Description": {
                                "type": "string"
                              },
                              "ImageUrl": {
                                "type": "string"
                              },
                              "Link": {
                                "type": "string"
                              },
                              "ShowImage": {
                                "type": "boolean"
                              },
                              "sortIdx": {
                                "type": "integer"
                              }
                            },
                            "required": [
                              "uniqueId",
                              "Title",
                              "Description",
                              "ImageUrl",
                              "Link",
                              "ShowImage",
                              "sortIdx"
                            ]
                          }
                        }
                      }
                    },
                    "containsDynamicDataSource": {
                      "type": "boolean"
                    }
                  }
                }
              }
            }
          }
        },
        "GetSlideData": {
          "runAfter": {},
          "metadata": {
            "operationMetadataId": "04d148af-bf0a-464b-8557-10cbca212d2d"
          },
          "type": "Workflow",
          "inputs": {
            "host": {
              "workflowReferenceName": "a3585b64-c7f1-ee11-904c-000d3a34eecc"
            },
            "body": {
              "text": "@triggerBody()['text']"
            }
          }
        },
        "SlideDataJson": {
          "runAfter": {
            "GetSlideData": [
              "Succeeded"
            ]
          },
          "metadata": {
            "operationMetadataId": "feb74139-05ce-49d6-a777-04aa04dd3ee5"
          },
          "type": "ParseJson",
          "inputs": {
            "content": "@body('GetSlideData')?['slidedata']",
            "schema": {
              "type": "array",
              "items": {
                "type": "object",
                "properties": {
                  "uniqueId": {
                    "type": "string"
                  },
                  "Title": {
                    "type": "string"
                  },
                  "Description": {
                    "type": "string"
                  },
                  "ImageUrl": {
                    "type": "string"
                  },
                  "Link": {
                    "type": "string"
                  },
                  "ShowImage": {
                    "type": "boolean"
                  },
                  "sortIdx": {
                    "type": "integer"
                  }
                },
                "required": [
                  "uniqueId",
                  "Title",
                  "Description",
                  "ImageUrl",
                  "Link",
                  "ShowImage",
                  "sortIdx"
                ]
              }
            }
          }
        },
        "Respond_to_a_PowerApp_or_flow": {
          "runAfter": {
            "UpdateWebPartData": [
              "Succeeded"
            ]
          },
          "metadata": {
            "operationMetadataId": "3c0d6eb1-6937-40f1-b96f-ebc10c4b766b"
          },
          "type": "Response",
          "kind": "PowerApp",
          "inputs": {
            "statusCode": 200,
            "body": {
              "webpartdata": "@{outputs('UpdateWebPartData')}"
            },
            "schema": {
              "type": "object",
              "properties": {
                "webpartdata": {
                  "title": "WebPartData",
                  "x-ms-dynamically-added": true,
                  "type": "string"
                }
              }
            }
          }
        }
      }
    },
    "templateName": ""
  },
  "schemaVersion": "1.0.0.0"
}