{
  "properties": {
    "connectionReferences": {
      "shared_sharepointonline": {
        "runtimeSource": "embedded",
        "connection": {
          "connectionReferenceLogicalName": "ncs_sharedsharepointonline_3c7e0"
        },
        "api": {
          "name": "shared_sharepointonline"
        }
      }
    },
    "definition": {
      "$schema": "https://schema.management.azure.com/providers/Microsoft.Logic/schemas/2016-06-01/workflowdefinition.json#",
      "contentVersion": "1.0.0.0",
      "parameters": {
        "$connections": {
          "defaultValue": {},
          "type": "Object"
        },
        "$authentication": {
          "defaultValue": {},
          "type": "SecureObject"
        },
        "SiteUrl (ncs_SiteUrl)": {
          "defaultValue": "https://043.sharepoint.com/sites/Home",
          "type": "String",
          "metadata": {
            "schemaName": "ncs_SiteUrl"
          }
        }
      },
      "triggers": {
        "manual": {
          "metadata": {
            "operationMetadataId": "511d5fff-b41e-4d16-87ad-6b1bdefca89a"
          },
          "type": "Request",
          "kind": "Button",
          "inputs": {
            "schema": {
              "type": "object",
              "properties": {
                "text": {
                  "title": "NewsCategory",
                  "type": "string",
                  "x-ms-dynamically-added": true,
                  "description": "Please enter your input",
                  "x-ms-content-hint": "TEXT",
                  "enum": [
                    "Commissioner Corner",
                    "Employee Spotlight",
                    "General News"
                  ]
                }
              },
              "required": [
                "text"
              ]
            }
          }
        }
      },
      "actions": {
        "RetrieveSlides": {
          "runAfter": {},
          "metadata": {
            "operationMetadataId": "73eccd66-bbbc-4d30-9d44-64d2b1903250"
          },
          "type": "OpenApiConnection",
          "inputs": {
            "host": {
              "connectionName": "shared_sharepointonline",
              "operationId": "HttpRequest",
              "apiId": "/providers/Microsoft.PowerApps/apis/shared_sharepointonline"
            },
            "parameters": {
              "dataset": "@parameters('SiteUrl (ncs_SiteUrl)')",
              "parameters/method": "GET",
              "parameters/uri": "_api/web/lists/getByTitle('Site Pages')/items?$filter=NewsCategory eq '@{triggerBody()['text']}' and PageStatus eq 'Published'&$expand=File",
              "parameters/headers": {
                "accept": "application/json;odata=nometadata"
              }
            },
            "authentication": {
              "type": "Raw",
              "value": "@json(decodeBase64(triggerOutputs().headers['X-MS-APIM-Tokens']))['$ConnectionKey']"
            }
          }
        },
        "SlideData": {
          "runAfter": {
            "RetrieveSlides": [
              "Succeeded"
            ]
          },
          "metadata": {
            "operationMetadataId": "13e26352-969d-4b42-bd7f-64f34606cd0b"
          },
          "type": "ParseJson",
          "inputs": {
            "content": "@body('RetrieveSlides')",
            "schema": {
              "type": "object",
              "properties": {
                "value": {
                  "type": "array",
                  "items": {
                    "type": "object",
                    "properties": {
                      "File": {
                        "type": "object",
                        "properties": {
                          "CheckInComment": {
                            "type": "string"
                          },
                          "CheckOutType": {
                            "type": "integer"
                          },
                          "ContentTag": {
                            "type": "string"
                          },
                          "CustomizedPageStatus": {
                            "type": "integer"
                          },
                          "ETag": {
                            "type": "string"
                          },
                          "Exists": {
                            "type": "boolean"
                          },
                          "ExistsAllowThrowForPolicyFailures": {
                            "type": "boolean"
                          },
                          "IrmEnabled": {
                            "type": "boolean"
                          },
                          "Length": {
                            "type": "string"
                          },
                          "Level": {
                            "type": "integer"
                          },
                          "LinkingUri": {},
                          "LinkingUrl": {
                            "type": "string"
                          },
                          "MajorVersion": {
                            "type": "integer"
                          },
                          "MinorVersion": {
                            "type": "integer"
                          },
                          "Name": {
                            "type": "string"
                          },
                          "ServerRelativeUrl": {
                            "type": "string"
                          },
                          "TimeCreated": {
                            "type": "string"
                          },
                          "TimeLastModified": {
                            "type": "string"
                          },
                          "Title": {
                            "type": "string"
                          },
                          "UIVersion": {
                            "type": "integer"
                          },
                          "UIVersionLabel": {
                            "type": "string"
                          },
                          "UniqueId": {
                            "type": "string"
                          }
                        }
                      },
                      "FileSystemObjectType": {
                        "type": "integer"
                      },
                      "Id": {
                        "type": "integer"
                      },
                      "ServerRedirectedEmbedUri": {},
                      "ServerRedirectedEmbedUrl": {
                        "type": "string"
                      },
                      "ContentTypeId": {
                        "type": "string"
                      },
                      "OData__ColorTag": {},
                      "ComplianceAssetId": {},
                      "WikiField": {},
                      "Title": {
                        "type": "string"
                      },
                      "CanvasContent1": {
                        "type": "string"
                      },
                      "BannerImageUrl": {
                        "type": "object",
                        "properties": {
                          "Description": {
                            "type": "string"
                          },
                          "Url": {
                            "type": "string"
                          }
                        }
                      },
                      "Description": {
                        "type": "string"
                      },
                      "PromotedState": {
                        "type": "integer"
                      },
                      "FirstPublishedDate": {},
                      "LayoutWebpartsContent": {
                        "type": "string"
                      },
                      "OData__AuthorBylineId": {
                        "type": "array",
                        "items": {
                          "type": "integer"
                        }
                      },
                      "_AuthorBylineStringId": {
                        "type": "array",
                        "items": {
                          "type": "string"
                        }
                      },
                      "OData__TopicHeader": {},
                      "OData__SPSitePageFlags": {},
                      "OData__SPCallToAction": {},
                      "OData__OriginalSourceUrl": {},
                      "OData__OriginalSourceSiteId": {},
                      "OData__OriginalSourceWebId": {},
                      "OData__OriginalSourceListId": {},
                      "OData__OriginalSourceItemId": {},
                      "_SPHideListEditorMetadataStringId": {},
                      "NewsCategory": {
                        "type": "string"
                      },
                      "PageStatus": {
                        "type": "string"
                      },
                      "ID": {
                        "type": "integer"
                      },
                      "Created": {
                        "type": "string"
                      },
                      "AuthorId": {
                        "type": "integer"
                      },
                      "Modified": {
                        "type": "string"
                      },
                      "EditorId": {
                        "type": "integer"
                      },
                      "OData__CopySource": {},
                      "CheckoutUserId": {},
                      "OData__UIVersionString": {
                        "type": "string"
                      },
                      "GUID": {
                        "type": "string"
                      }
                    },
                    "required": [
                      "Title",
                      "CanvasContent1",
                      "BannerImageUrl",
                      "Description",
                      "NewsCategory",
                      "PageStatus",
                      "GUID"
                    ]
                  }
                }
              }
            }
          }
        },
        "EachSlide": {
          "foreach": "@body('SlideData')?['value']",
          "actions": {
            "SlideItem": {
              "runAfter": {},
              "metadata": {
                "operationMetadataId": "f2e003df-2d52-4f7b-99a9-a1ac087aa77e"
              },
              "type": "Compose",
              "inputs": {
                "uniqueId": "@{items('EachSlide')?['GUID']}",
                "Title": "@{items('EachSlide')?['Title']}",
                "Description": "@{items('EachSlide')?['Description']}",
                "ImageUrl": "@{items('EachSlide')?['BannerImageUrl']?['Url']}",
                "Link": "@{items('EachSlide')?['File']?['ServerRelativeUrl']}",
                "ShowImage": "@equals(items('EachSlide')?['File']?['ServerRelativeUrl'], null)",
                "sortIdx": "@variables('index')"
              }
            },
            "UpdateSlideArray": {
              "runAfter": {
                "SlideItem": [
                  "Succeeded"
                ]
              },
              "metadata": {
                "operationMetadataId": "117d194a-d12a-4636-8ffb-7cd0b0559662"
              },
              "type": "AppendToArrayVariable",
              "inputs": {
                "name": "SlideArray",
                "value": "@outputs('SlideItem')"
              }
            },
            "Increment_Index": {
              "runAfter": {
                "UpdateSlideArray": [
                  "Succeeded"
                ]
              },
              "metadata": {
                "operationMetadataId": "31962901-70b1-460e-a6f0-bf46f511b64d"
              },
              "type": "IncrementVariable",
              "inputs": {
                "name": "index",
                "value": 1
              }
            }
          },
          "runAfter": {
            "Initialize_variable_2": [
              "Succeeded"
            ]
          },
          "metadata": {
            "operationMetadataId": "781790e3-2ece-4aa9-b716-0720ca58f2dc"
          },
          "type": "Foreach"
        },
        "Initialize_variable": {
          "runAfter": {
            "SlideData": [
              "Succeeded"
            ]
          },
          "metadata": {
            "operationMetadataId": "c7c8625f-6098-4434-b070-5f241ec17a9b"
          },
          "type": "InitializeVariable",
          "inputs": {
            "variables": [
              {
                "name": "index",
                "type": "integer",
                "value": 1
              }
            ]
          }
        },
        "Initialize_variable_2": {
          "runAfter": {
            "Initialize_variable": [
              "Succeeded"
            ]
          },
          "metadata": {
            "operationMetadataId": "59042088-625c-44c4-a94b-a0f1aa50e306"
          },
          "type": "InitializeVariable",
          "inputs": {
            "variables": [
              {
                "name": "SlideArray",
                "type": "array"
              }
            ]
          }
        },
        "Return_SlideData": {
          "runAfter": {
            "EachSlide": [
              "Succeeded"
            ]
          },
          "metadata": {
            "operationMetadataId": "54b3aa8e-95c0-444b-9589-3e2e356c70ea"
          },
          "type": "Response",
          "kind": "PowerApp",
          "inputs": {
            "statusCode": 200,
            "body": {
              "slidedata": "@{string(variables('SlideArray'))}"
            },
            "schema": {
              "type": "object",
              "properties": {
                "slidedata": {
                  "title": "SlideData",
                  "x-ms-dynamically-added": true,
                  "type": "string"
                }
              }
            }
          }
        }
      }
    },
    "templateName": ""
  },
  "schemaVersion": "1.0.0.0"
}