{
  "properties": {
    "connectionReferences": {
      "shared_sharepointonline": {
        "runtimeSource": "embedded",
        "connection": {
          "connectionReferenceLogicalName": "ncs_sharedsharepointonline_3c7e0"
        },
        "api": {
          "name": "shared_sharepointonline"
        }
      }
    },
    "definition": {
      "$schema": "https://schema.management.azure.com/providers/Microsoft.Logic/schemas/2016-06-01/workflowdefinition.json#",
      "contentVersion": "1.0.0.0",
      "parameters": {
        "$authentication": {
          "defaultValue": {},
          "type": "SecureObject"
        },
        "$connections": {
          "defaultValue": {},
          "type": "Object"
        },
        "SiteUrl (ncs_SiteUrl)": {
          "defaultValue": "https://043.sharepoint.com/sites/Home",
          "type": "String",
          "metadata": {
            "schemaName": "ncs_SiteUrl"
          }
        }
      },
      "triggers": {
        "manual": {
          "metadata": {
            "operationMetadataId": "2bd29aed-2119-4b58-a79a-1fa16273c475"
          },
          "type": "Request",
          "kind": "Button",
          "inputs": {
            "schema": {
              "type": "object",
              "properties": {
                "text": {
                  "title": "CanvasContent1",
                  "type": "string",
                  "x-ms-dynamically-added": true,
                  "description": "Please enter your input",
                  "x-ms-content-hint": "TEXT"
                },
                "number": {
                  "title": "ItemId",
                  "type": "number",
                  "x-ms-dynamically-added": true,
                  "description": "Please enter a number",
                  "x-ms-content-hint": "NUMBER"
                }
              },
              "required": [
                "text",
                "number"
              ]
            }
          }
        }
      },
      "actions": {
        "PageData": {
          "runAfter": {},
          "metadata": {
            "operationMetadataId": "ff513e33-1f3b-4396-b12d-81f19e16109a"
          },
          "type": "Compose",
          "inputs": "@json(triggerBody()['text'])"
        },
        "Return_Published_Status": {
          "runAfter": {
            "Update_Page_Transaction": [
              "Succeeded"
            ]
          },
          "metadata": {
            "operationMetadataId": "90747ef6-8ae3-4394-b3fa-1a60ecfa3ea6"
          },
          "type": "Response",
          "kind": "PowerApp",
          "inputs": {
            "schema": {
              "type": "object",
              "properties": {
                "pagepublished": {
                  "title": "PagePublished",
                  "x-ms-dynamically-added": true,
                  "type": "boolean"
                }
              },
              "additionalProperties": {}
            },
            "statusCode": 200,
            "body": {
              "pagepublished": "@variables('isPublished')"
            }
          }
        },
        "Update_Page_Transaction": {
          "actions": {
            "CheckoutPage": {
              "runAfter": {
                "ParseHomePageData": [
                  "Succeeded"
                ]
              },
              "metadata": {
                "operationMetadataId": "7371987e-4c40-4dc2-b7d1-ee9bb7fb1d03"
              },
              "type": "OpenApiConnection",
              "inputs": {
                "parameters": {
                  "dataset": "@parameters('SiteUrl (ncs_SiteUrl)')",
                  "parameters/method": "POST",
                  "parameters/uri": "_api/SitePages/Pages(@{triggerBody()['number']})/checkoutpage",
                  "parameters/headers": {
                    "Content-Type": "application/json",
                    "IF-MERGE": "*"
                  }
                },
                "host": {
                  "apiId": "/providers/Microsoft.PowerApps/apis/shared_sharepointonline",
                  "operationId": "HttpRequest",
                  "connectionName": "shared_sharepointonline"
                }
              }
            },
            "Update_Page_Data": {
              "runAfter": {
                "CopiedCanvasContent1": [
                  "Succeeded"
                ]
              },
              "metadata": {
                "operationMetadataId": "fa02b706-c9fc-45ef-9a6d-d943e392e75f"
              },
              "type": "OpenApiConnection",
              "inputs": {
                "parameters": {
                  "dataset": "@parameters('SiteUrl (ncs_SiteUrl)')",
                  "parameters/method": "POST",
                  "parameters/uri": "_api/SitePages/Pages(@{triggerBody()['number']})/SavePage",
                  "parameters/headers": {
                    "Content-Type": "application/json",
                    "Accept": "application/json",
                    "If-Match": "*",
                    "X-Http-Method": "POST"
                  },
                  "parameters/body": "@outputs('GeneratedCanvasContent1')"
                },
                "host": {
                  "apiId": "/providers/Microsoft.PowerApps/apis/shared_sharepointonline",
                  "operationId": "HttpRequest",
                  "connectionName": "shared_sharepointonline"
                },
                "retryPolicy": {
                  "type": "none"
                }
              }
            },
            "PublishPage": {
              "runAfter": {
                "Update_Page_Data": [
                  "Succeeded"
                ]
              },
              "metadata": {
                "operationMetadataId": "c09e64e5-d0a1-4855-a883-51789332b1a3"
              },
              "type": "OpenApiConnection",
              "inputs": {
                "parameters": {
                  "dataset": "@parameters('SiteUrl (ncs_SiteUrl)')",
                  "parameters/method": "POST",
                  "parameters/uri": "_api/SitePages/Pages(@{triggerBody()['number']})/Publish",
                  "parameters/headers": {
                    "Content-Type": "application/json"
                  }
                },
                "host": {
                  "apiId": "/providers/Microsoft.PowerApps/apis/shared_sharepointonline",
                  "operationId": "HttpRequest",
                  "connectionName": "shared_sharepointonline"
                }
              }
            },
            "Set_variable": {
              "runAfter": {
                "PublishPage": [
                  "Succeeded"
                ]
              },
              "type": "SetVariable",
              "inputs": {
                "name": "isPublished",
                "value": true
              }
            },
            "GetHomePageData": {
              "type": "OpenApiConnection",
              "inputs": {
                "parameters": {
                  "dataset": "@parameters('SiteUrl (ncs_SiteUrl)')",
                  "parameters/method": "GET",
                  "parameters/uri": "_api/SitePages/Pages(@{triggerBody()?['number']})",
                  "parameters/headers": {
                    "accept": "application/json;odata=nometadata"
                  }
                },
                "host": {
                  "apiId": "/providers/Microsoft.PowerApps/apis/shared_sharepointonline",
                  "operationId": "HttpRequest",
                  "connectionName": "shared_sharepointonline"
                }
              }
            },
            "ParseHomePageData": {
              "runAfter": {
                "GetHomePageData": [
                  "Succeeded"
                ]
              },
              "type": "ParseJson",
              "inputs": {
                "content": "@body('GetHomePageData')",
                "schema": {
                  "type": "object",
                  "properties": {
                    "AbsoluteUrl": {
                      "type": "string"
                    },
                    "BannerImageUrl": {
                      "type": "string"
                    },
                    "BannerThumbnailUrl": {
                      "type": "string"
                    },
                    "CallToAction": {
                      "type": "string"
                    },
                    "ContentTypeId": {
                      "type": "string"
                    },
                    "DoesUserHaveEditPermission": {
                      "type": "boolean"
                    },
                    "FileName": {
                      "type": "string"
                    },
                    "FirstPublished": {
                      "type": "string"
                    },
                    "Id": {
                      "type": "integer"
                    },
                    "IsPageCheckedOutToCurrentUser": {
                      "type": "boolean"
                    },
                    "IsWebWelcomePage": {
                      "type": "boolean"
                    },
                    "Modified": {
                      "type": "string"
                    },
                    "PageLayoutType": {
                      "type": "string"
                    },
                    "Path": {
                      "type": "object",
                      "properties": {
                        "DecodedUrl": {
                          "type": "string"
                        }
                      }
                    },
                    "PromotedState": {
                      "type": "integer"
                    },
                    "Title": {
                      "type": "string"
                    },
                    "UniqueId": {
                      "type": "string"
                    },
                    "Url": {
                      "type": "string"
                    },
                    "Version": {
                      "type": "string"
                    },
                    "VersionInfo": {
                      "type": "object",
                      "properties": {
                        "LastVersionCreated": {
                          "type": "string"
                        },
                        "LastVersionCreatedBy": {
                          "type": "string"
                        }
                      }
                    },
                    "AlternativeUrlMap": {
                      "type": "string"
                    },
                    "CanvasContent1": {
                      "type": "string"
                    },
                    "LayoutWebpartsContent": {
                      "type": "string"
                    },
                    "SitePageFlags": {
                      "type": "string"
                    }
                  }
                }
              }
            },
            "GeneratedCanvasContent1": {
              "runAfter": {
                "CheckoutPage": [
                  "Succeeded"
                ]
              },
              "type": "Compose",
              "inputs": {
                "__metadata": {
                  "type": "SP.Publishing.SitePage"
                },
                "CanvasContent1": "@{triggerBody()?['text']}",
                "BannerImageUrl": "@{body('ParseHomePageData')?['BannerImageUrl']}",
                "Title": "@{body('ParseHomePageData')?['Title']}"
              }
            },
            "CopiedCanvasContent1": {
              "runAfter": {
                "GeneratedCanvasContent1": [
                  "Succeeded"
                ]
              },
              "type": "Compose",
              "inputs": {
                "__metadata": {
                  "type": "SP.Publishing.SitePage"
                },
                "CanvasContent1": "@{body('ParseHomePageData')?['CanvasContent1']}",
                "BannerImageUrl": "@{body('ParseHomePageData')?['BannerImageUrl']}",
                "Title": "@{body('ParseHomePageData')?['Title']}"
              }
            }
          },
          "runAfter": {
            "isPublished": [
              "Succeeded"
            ]
          },
          "metadata": {
            "operationMetadataId": "fefe7f1f-407c-4987-a4e6-2306249c645a"
          },
          "type": "Scope"
        },
        "isPublished": {
          "runAfter": {
            "PageData": [
              "Succeeded"
            ]
          },
          "type": "InitializeVariable",
          "inputs": {
            "variables": [
              {
                "name": "isPublished",
                "type": "boolean",
                "value": false
              }
            ]
          }
        }
      }
    },
    "templateName": null
  },
  "schemaVersion": "1.0.0.0"
}