{
  "properties": {
    "connectionReferences": {
      "shared_sharepointonline": {
        "runtimeSource": "embedded",
        "connection": {
          "connectionReferenceLogicalName": "ncs_sharedsharepointonline_3c7e0"
        },
        "api": {
          "name": "shared_sharepointonline"
        }
      }
    },
    "definition": {
      "$schema": "https://schema.management.azure.com/providers/Microsoft.Logic/schemas/2016-06-01/workflowdefinition.json#",
      "contentVersion": "1.0.0.0",
      "parameters": {
        "$authentication": {
          "defaultValue": {},
          "type": "SecureObject"
        },
        "$connections": {
          "defaultValue": {},
          "type": "Object"
        },
        "SiteUrl (ncs_SiteUrl)": {
          "defaultValue": "https://043.sharepoint.com/sites/Home",
          "type": "String",
          "metadata": {
            "schemaName": "ncs_SiteUrl"
          }
        }
      },
      "triggers": {
        "When_an_item_is_created_or_modified": {
          "recurrence": {
            "frequency": "Minute",
            "interval": 1
          },
          "splitOn": "@triggerOutputs()?['body/value']",
          "metadata": {
            "operationMetadataId": "78e04ea7-1eac-4641-95b3-da8bd2cdfaca"
          },
          "type": "OpenApiConnection",
          "inputs": {
            "parameters": {
              "dataset": "@parameters('SiteUrl (ncs_SiteUrl)')",
              "table": "Site Pages"
            },
            "host": {
              "apiId": "/providers/Microsoft.PowerApps/apis/shared_sharepointonline",
              "operationId": "GetOnUpdatedItems",
              "connectionName": "shared_sharepointonline"
            }
          },
          "conditions": [
            {
              "expression": "@not(contains(triggerbody()?['{FilenameWithExtension}'], 'Home.aspx'))"
            }
          ]
        }
      },
      "actions": {
        "ForEach_WebPart_in_CanvasContent1": {
          "foreach": "@body('ParseCanvasContent')",
          "actions": {
            "Is_Web_Part_named_Commissioner_Corner": {
              "actions": {
                "Generate_Update_to_Web_Part_JSON": {
                  "type": "Workflow",
                  "inputs": {
                    "host": {
                      "workflowReferenceName": "64d6ec60-c6f1-ee11-904c-000d3a34e6b1"
                    },
                    "body": {
                      "text_1": "@{items('ForEach_WebPart_in_CanvasContent1')}",
                      "text": "Commissioner Corner"
                    }
                  }
                },
                "Add_Updated_WebPart_JSON_to_WebPartsArray": {
                  "runAfter": {
                    "Generate_Update_to_Web_Part_JSON": [
                      "Succeeded"
                    ]
                  },
                  "type": "AppendToArrayVariable",
                  "inputs": {
                    "name": "WebPartsArray",
                    "value": "@json(body('Generate_Update_to_Web_Part_JSON')?['webpartdata'])"
                  }
                }
              },
              "runAfter": {
                "Set_variable": [
                  "Succeeded"
                ]
              },
              "else": {
                "actions": {
                  "Add_WebPart_to_WebPartsArray": {
                    "type": "AppendToArrayVariable",
                    "inputs": {
                      "name": "WebPartsArray",
                      "value": "@items('ForEach_WebPart_in_CanvasContent1')"
                    }
                  }
                }
              },
              "expression": {
                "and": [
                  {
                    "equals": [
                      "@variables('WebPartTitle')",
                      "Commissioner Corner"
                    ]
                  }
                ]
              },
              "type": "If"
            },
            "Set_variable": {
              "type": "SetVariable",
              "inputs": {
                "name": "WebPartTitle",
                "value": "@{items('ForEach_WebPart_in_CanvasContent1')?['webPartData']?['title']}"
              }
            }
          },
          "runAfter": {
            "WebPartTitle": [
              "Succeeded"
            ]
          },
          "type": "Foreach"
        },
        "Set_News_Categories": {
          "runAfter": {},
          "type": "InitializeVariable",
          "inputs": {
            "variables": [
              {
                "name": "NewsCategories",
                "type": "array",
                "value": [
                  "Commissioner Cornder",
                  "Employee Spotlight",
                  "General News"
                ]
              }
            ]
          }
        },
        "GetCanvasContent": {
          "runAfter": {
            "Set_News_Categories": [
              "Succeeded"
            ]
          },
          "type": "OpenApiConnection",
          "inputs": {
            "parameters": {
              "dataset": "@parameters('SiteUrl (ncs_SiteUrl)')",
              "parameters/method": "GET",
              "parameters/uri": "_api/SitePages/Pages(1)?$select=CanvasContent1"
            },
            "host": {
              "apiId": "/providers/Microsoft.PowerApps/apis/shared_sharepointonline",
              "operationId": "HttpRequest",
              "connectionName": "shared_sharepointonline"
            }
          }
        },
        "ParsePageJson": {
          "runAfter": {
            "GetCanvasContent": [
              "Succeeded"
            ]
          },
          "type": "ParseJson",
          "inputs": {
            "content": "@body('GetCanvasContent')",
            "schema": {
              "type": "object",
              "properties": {
                "d": {
                  "type": "object",
                  "properties": {
                    "__metadata": {
                      "type": "object",
                      "properties": {
                        "id": {
                          "type": "string"
                        },
                        "uri": {
                          "type": "string"
                        },
                        "type": {
                          "type": "string"
                        }
                      }
                    },
                    "CanvasContent1": {
                      "type": "string"
                    }
                  }
                }
              }
            }
          }
        },
        "ParseCanvasContent": {
          "runAfter": {
            "ParsePageJson": [
              "Succeeded"
            ]
          },
          "type": "ParseJson",
          "inputs": {
            "content": "@body('ParsePageJson')?['d']?['CanvasContent1']",
            "schema": {
              "type": "array",
              "items": {
                "type": "object",
                "properties": {
                  "position": {
                    "type": "object",
                    "properties": {
                      "zoneIndex": {
                        "type": "integer"
                      },
                      "sectionIndex": {
                        "type": "integer"
                      },
                      "controlIndex": {
                        "type": "integer"
                      },
                      "sectionFactor": {
                        "type": "integer"
                      },
                      "layoutIndex": {
                        "type": "integer"
                      }
                    }
                  },
                  "controlType": {
                    "type": "integer"
                  },
                  "id": {
                    "type": "string"
                  },
                  "webPartId": {
                    "type": "string"
                  },
                  "reservedHeight": {
                    "type": "integer"
                  },
                  "reservedWidth": {
                    "type": "integer"
                  },
                  "addedFromPersistedData": {
                    "type": "boolean"
                  },
                  "webPartData": {
                    "type": "object",
                    "properties": {
                      "id": {
                        "type": "string"
                      },
                      "instanceId": {
                        "type": "string"
                      },
                      "title": {
                        "type": "string"
                      },
                      "description": {
                        "type": "string"
                      },
                      "audiences": {
                        "type": "array"
                      },
                      "serverProcessedContent": {
                        "type": "object",
                        "properties": {
                          "htmlStrings": {
                            "type": "object",
                            "properties": {}
                          },
                          "searchablePlainTexts": {
                            "type": "object",
                            "properties": {}
                          },
                          "imageSources": {
                            "type": "object",
                            "properties": {}
                          },
                          "links": {
                            "type": "object",
                            "properties": {}
                          }
                        }
                      },
                      "dataVersion": {
                        "type": "string"
                      },
                      "properties": {
                        "type": "object",
                        "properties": {
                          "height": {
                            "type": "integer"
                          },
                          "slideBody": {
                            "type": "string"
                          },
                          "isFullWidth": {
                            "type": "boolean"
                          },
                          "headerText": {
                            "type": "string"
                          },
                          "slidesPerView": {
                            "type": "integer"
                          },
                          "slideData": {
                            "type": "array",
                            "items": {
                              "type": "object",
                              "properties": {
                                "uniqueId": {
                                  "type": "string"
                                },
                                "Title": {
                                  "type": "string"
                                },
                                "Description": {
                                  "type": "string"
                                },
                                "ImageUrl": {
                                  "type": "string"
                                },
                                "Link": {
                                  "type": "string"
                                },
                                "ShowImage": {
                                  "type": "boolean"
                                },
                                "sortIdx": {
                                  "type": "integer"
                                }
                              },
                              "required": [
                                "uniqueId",
                                "Title",
                                "Description",
                                "ImageUrl",
                                "Link",
                                "ShowImage",
                                "sortIdx"
                              ]
                            }
                          }
                        }
                      },
                      "containsDynamicDataSource": {
                        "type": "boolean"
                      }
                    }
                  },
                  "pageSettingsSlice": {
                    "type": "object",
                    "properties": {
                      "isDefaultDescription": {
                        "type": "boolean"
                      },
                      "isDefaultThumbnail": {
                        "type": "boolean"
                      },
                      "isSpellCheckEnabled": {
                        "type": "boolean"
                      },
                      "globalRichTextStylingVersion": {
                        "type": "integer"
                      },
                      "rtePageSettings": {
                        "type": "object",
                        "properties": {
                          "contentVersion": {
                            "type": "integer"
                          }
                        }
                      },
                      "isEmailReady": {
                        "type": "boolean"
                      }
                    }
                  }
                },
                "required": []
              }
            }
          }
        },
        "Initialize_WebParts_Array": {
          "runAfter": {
            "ParseCanvasContent": [
              "Succeeded"
            ]
          },
          "type": "InitializeVariable",
          "inputs": {
            "variables": [
              {
                "name": "WebPartsArray",
                "type": "array",
                "value": []
              }
            ]
          }
        },
        "WebPartTitle": {
          "runAfter": {
            "WebPartStringData": [
              "Succeeded"
            ]
          },
          "type": "InitializeVariable",
          "inputs": {
            "variables": [
              {
                "name": "WebPartTitle",
                "type": "string"
              }
            ]
          }
        },
        "WebPartStringData": {
          "runAfter": {
            "Initialize_WebParts_Array": [
              "Succeeded"
            ]
          },
          "type": "InitializeVariable",
          "inputs": {
            "variables": [
              {
                "name": "WebPartStringData",
                "type": "string"
              }
            ]
          }
        },
        "Set_WebPartStringData": {
          "runAfter": {
            "ForEach_WebPart_in_CanvasContent1": [
              "Succeeded"
            ]
          },
          "type": "SetVariable",
          "inputs": {
            "name": "WebPartStringData",
            "value": "@{string(variables('WebPartsArray'))}"
          }
        },
        "Publish_Updates": {
          "runAfter": {
            "Set_WebPartStringData": [
              "Succeeded"
            ]
          },
          "type": "Workflow",
          "inputs": {
            "host": {
              "workflowReferenceName": "6234f4e3-d7f1-ee11-904c-000d3a34eecc"
            },
            "body": {
              "text": "@variables('WebPartStringData')",
              "number": 1
            }
          }
        }
      }
    },
    "templateName": null
  },
  "schemaVersion": "1.0.0.0"
}