<environmentvariabledefinition schemaname="ncs_NewsCategories">
  <defaultvalue>{ "Categories": ["Commissioner Corner", "Employee Spotlight", "General News"]}</defaultvalue>
  <displayname default="NewsCategories">
    <label description="NewsCategories" languagecode="1033" />
  </displayname>
  <introducedversion>1.0.0.0</introducedversion>
  <iscustomizable>1</iscustomizable>
  <isrequired>0</isrequired>
  <secretstore>0</secretstore>
  <type>100000003</type>
</environmentvariabledefinition>